three,one,MW,lambdas,sigmas,q,lambdas_-1,lambdas_0
ARG,R,156.19,0.5871684953750101,0.656,1.0,0.5,0.5871684953750101
ASP,D,115.09,0.34171230930976937,0.558,-1.0,0.5,0.34171230930976937
ASN,N,114.1,0.784274379915046,0.568,0.0,0.5,0.784274379915046
GLU,E,129.11,0.35557494625078206,0.592,-1.0,0.5,0.35557494625078206
LYS,K,128.17,0.4025164721638875,0.636,1.0,0.5,0.4025164721638875
HIS,H,137.14,0.3232696160420469,0.608,0.0,0.5,0.3232696160420469
GLN,Q,128.13,0.29212393082309507,0.602,0.0,0.5,0.29212393082309507
SER,S,87.08,0.6957416772245966,0.518,0.0,0.5,0.6957416772245966
CYS,C,103.14,0.7040255746075901,0.548,0.0,0.5,0.7040255746075901
GLY,G,57.05,0.5340745336861041,0.45,0.0,0.5,0.5340745336861041
THR,T,101.11,0.25017152896929057,0.562,0.0,0.5,0.25017152896929057
ALA,A,71.07,0.49736429291153694,0.504,0.0,0.5,0.49736429291153694
MET,M,131.2,0.8929922811517974,0.618,0.0,0.5,0.8929922811517974
TYR,Y,163.18,0.6108241779110779,0.646,0.0,0.5,0.6108241779110779
VAL,V,99.13,0.3094027830396381,0.586,0.0,0.5,0.3094027830396381
TRP,W,186.22,0.9038270022826254,0.678,0.0,0.5,0.9038270022826254
LEU,L,113.16,0.5618672258837893,0.618,0.0,0.5,0.5618672258837893
ILE,I,113.16,0.6355717223680678,0.618,0.0,0.5,0.6355717223680678
PRO,P,97.12,0.41586299398983806,0.556,0.0,0.5,0.41586299398983806
PHE,F,147.18,0.5869850290210958,0.636,0.0,0.5,0.5869850290210958
